Date,Index,DJIA
2010-01-04,100.0,100.0
2010-01-05,100.457394,99.887188
2010-01-06,99.981005,99.902872
2010-01-07,99.485328,100.216365
2010-01-08,100.148231,100.323414
2010-01-11,99.314312,100.756144
2010-01-12,97.933674,100.40911
2010-01-13,99.18826,100.914686
2010-01-14,99.11256,101.196055
2010-01-15,97.922676,100.242726
2010-01-19,100.032195,101.336645
2010-01-20,97.992574,100.181312
2010-01-21,95.563903,98.166282
2010-01-22,92.751512,96.116954
2010-01-25,93.563557,96.342579
2010-01-26,93.331393,96.318297
2010-01-27,94.006661,96.713895
2010-01-28,92.164906,95.620732
2010-01-29,90.388923,95.118746
2010-02-01,91.687303,96.23553
2010-02-02,92.586084,97.28731
2010-02-03,92.374271,97.038821
2010-02-04,88.481564,94.503192
2010-02-05,88.974681,94.598147
2010-02-08,88.263454,93.617039
2010-02-09,89.968095,95.03664
2010-02-10,89.709363,94.845219
2010-02-11,90.642074,95.844939
2010-02-12,90.336595,95.419295
2010-02-16,91.968254,97.022381
2010-02-17,92.098786,97.404374
2010-02-18,92.442836,98.194816
2010-02-19,92.128071,98.284102
2010-02-22,92.089775,98.104868
2010-02-23,90.699903,97.150877
2010-02-24,91.432504,98.017755
2010-02-25,91.297858,97.515769
2010-02-26,92.091627,97.555735
2010-03-01,93.679253,98.297707
2010-03-02,94.225354,98.318399
2010-03-03,94.757845,98.231286
2010-03-04,95.262115,98.678944
2010-03-05,97.577527,99.832199
2010-03-08,97.933701,99.702947
2010-03-09,98.043365,99.815003
2010-03-10,98.925024,99.842875
2010-03-11,99.420024,100.263417
2010-03-12,99.636255,100.384828
2010-03-15,98.71499,100.549794
2010-03-16,99.493253,100.963911
2010-03-17,99.798142,101.414499
2010-03-18,99.910283,101.844395
2010-03-19,98.863205,101.493014
2010-03-22,99.356613,101.907887
2010-03-23,100.189881,102.880491
2010-03-24,99.404051,102.382757
2010-03-25,99.425311,102.430565
2010-03-26,100.378189,102.517016
2010-03-29,101.156644,102.946912
2010-03-30,101.597127,103.056134
2010-03-31,101.267216,102.576257
2010-04-05,102.552834,103.680947
2010-04-06,102.66963,103.647312
2010-04-07,102.323609,102.962596
2010-04-08,103.083438,103.241792
2010-04-09,103.783688,103.905816
2010-04-12,104.080918,103.98726
2010-04-13,104.120239,104.114339
2010-04-14,105.778715,105.094029
2010-04-15,106.091276,105.296789
2010-04-16,103.260535,104.107158
2010-04-19,103.268826,104.800566
2010-04-20,102.774102,105.036867
2010-04-21,103.707393,105.11113
2010-04-22,104.524908,105.199661
2010-04-23,105.25025,105.860944
2010-04-26,104.90304,105.86803
2010-04-27,101.34678,103.855173
2010-04-28,101.349225,104.358577
2010-04-29,102.968909,105.511737
2010-04-30,100.12354,104.012203
2010-05-03,100.464917,105.365383
2010-05-04,97.772803,103.238958
2010-05-05,96.566273,102.684817
2010-05-06,92.332512,99.398713
2010-05-07,90.752835,98.076996
2010-05-10,96.731464,101.900801
2010-05-11,95.662696,101.552349
2010-05-12,97.4749,102.956833
2010-05-13,95.911428,101.880109
2010-05-14,93.331465,100.342027
2010-05-17,93.137259,100.395599
2010-05-18,92.071378,99.310183
2010-05-19,91.589632,98.681117
2010-05-20,88.224235,95.125171
2010-05-21,90.360282,96.309793
2010-05-24,89.657568,95.111565
2010-05-25,90.181949,94.895956
2010-05-26,89.268457,94.241191
2010-05-27,93.175716,96.929599
2010-05-28,92.723071,95.77351
2010-06-01,91.858108,94.709542
2010-06-02,94.561217,96.840313
2010-06-03,94.400483,96.894546
2010-06-04,91.00921,93.839829
2010-06-07,89.480954,92.748744
2010-06-08,89.668832,93.91551
2010-06-09,88.518839,93.530682
2010-06-10,91.913105,96.112703
2010-06-11,92.395969,96.476839
2010-06-14,92.538155,96.286173
2010-06-15,95.117495,98.306966
2010-06-16,95.556106,98.351279
2010-06-17,96.173681,98.584745
2010-06-18,96.478758,98.740358
2010-06-21,96.364447,98.662599
2010-06-22,95.823054,97.255848
2010-06-23,95.853045,97.302333
2010-06-24,94.354754,95.926288
2010-06-25,94.722149,95.841349
2010-06-28,94.079809,95.791367
2010-06-29,89.805611,93.257155
2010-06-30,88.530581,92.347477
2010-07-01,89.052222,91.955468
2010-07-02,88.56272,91.520376
2010-07-06,89.520789,92.06025
2010-07-07,92.649954,94.655309
2010-07-08,93.291108,95.795808
2010-07-09,93.964285,96.353633
2010-07-12,93.273102,96.525969
2010-07-13,93.936835,97.912502
2010-07-14,94.152531,97.94746
2010-07-15,94.416445,97.877449
2010-07-16,92.650433,95.407579
2010-07-19,92.933958,95.941689
2010-07-20,94.762609,96.655316
2010-07-21,93.769631,95.621393
2010-07-22,96.245236,97.527768
2010-07-23,96.883295,98.494514
2010-07-26,97.360567,99.446993
2010-07-27,97.868806,99.562829
2010-07-28,97.416487,99.186694
2010-07-29,98.011261,98.896443
2010-07-30,97.879172,98.884916
2010-08-02,100.105243,100.854312
2010-08-03,100.177552,100.495278
2010-08-04,101.143278,100.911474
2010-08-05,101.032776,100.859981
2010-08-06,101.034953,100.657599
2010-08-09,101.454631,101.084566
2010-08-10,100.775819,100.569636
2010-08-11,96.888449,98.061879
2010-08-12,97.092336,97.505565
2010-08-13,96.563068,97.346834
2010-08-16,96.663031,97.336063
2010-08-17,97.983933,98.317171
2010-08-18,98.295464,98.408724
2010-08-19,96.71009,97.045057
2010-08-20,96.247374,96.500932
2010-08-23,95.496961,96.130465
2010-08-24,93.31603,94.864777
2010-08-25,94.052431,95.050057
2010-08-26,93.359213,94.348524
2010-08-27,94.871198,95.905975
2010-08-30,93.700085,94.574526
2010-08-31,94.097071,94.621673
2010-09-01,97.750363,97.028617
2010-09-02,98.332667,97.506982
2010-09-03,100.392031,98.714753
2010-09-07,98.82068,97.701522
2010-09-08,99.907243,98.139165
2010-09-09,100.389493,98.40589
2010-09-10,100.892891,98.854965
2010-09-13,102.233055,99.623676
2010-09-14,102.770854,99.457009
2010-09-15,103.351406,99.893896
2010-09-16,104.215416,100.102703
2010-09-17,103.740994,100.225719
2010-09-20,105.60134,101.602992
2010-09-21,105.779273,101.673003
2010-09-22,106.399749,101.467787
2010-09-23,105.927216,100.74131
2010-09-24,108.3772,102.610554
2010-09-27,107.786113,102.154959
2010-09-28,107.905055,102.590524
2010-09-29,107.528718,102.374537
2010-09-30,106.893975,101.928295
2010-10-01,107.293116,102.321626
2010-10-04,106.272267,101.580788
2010-10-05,109.51401,103.408554
2010-10-06,109.636027,103.625203
2010-10-07,109.705679,103.445024
2010-10-08,110.796885,103.992079
2010-10-11,110.690851,104.028549
2010-10-12,111.299929,104.123598
2010-10-13,112.634597,104.838643
2010-10-14,113.528729,104.824376
2010-10-15,115.666105,104.524016
2010-10-18,116.139078,105.288474
2010-10-19,113.47477,103.72885
2010-10-20,114.94455,104.950982
2010-10-21,115.030809,105.315685
2010-10-22,115.156226,105.183315
2010-10-25,115.649781,105.480841
2010-10-26,115.540785,105.531956
2010-10-27,114.85924,105.12398
2010-10-28,115.080151,105.007483
2010-10-29,114.504582,105.050378
2010-11-01,114.45538,105.108296
2010-11-02,116.450421,105.713929
2010-11-03,116.674938,105.963458
2010-11-04,118.735073,108.039335
2010-11-05,118.682602,108.126637
2010-11-08,118.311566,107.774784
2010-11-09,117.28898,107.207038
2010-11-10,117.528079,107.30426
2010-11-11,116.977726,106.605656
2010-11-12,114.952026,105.7504
2010-11-15,114.365015,105.839119
2010-11-16,112.0044,104.152888
2010-11-17,111.825878,104.005306
2010-11-18,114.849045,105.643162
2010-11-19,114.843664,105.854047
2010-11-22,115.039642,105.618124
2010-11-23,112.314645,104.274487
2010-11-24,114.383745,105.700324
2010-11-26,113.347624,104.800094
2010-11-29,113.257902,104.426793
2010-11-30,111.582232,103.987732
2010-12-01,114.285708,106.34753
2010-12-02,115.786562,107.354998
2010-12-03,116.117722,107.540939
2010-12-06,116.34552,107.352919
2010-12-07,115.964062,107.324291
2010-12-08,116.37959,107.450142
2010-12-09,116.522562,107.427277
2010-12-10,116.967467,107.807664
2010-12-13,117.575645,107.98
2010-12-14,117.400604,108.433327
2010-12-15,116.363327,108.253149
2010-12-16,116.785932,108.647897
2010-12-17,116.332694,108.578547
2010-12-20,116.963528,108.44835
2010-12-21,118.055957,108.968288
2010-12-22,118.182339,109.217061
2010-12-23,117.538626,109.349336
2010-12-27,117.419234,109.174921
2010-12-28,117.409231,109.368705
2010-12-29,117.817184,109.461676
2010-12-30,117.592774,109.313622
2010-12-31,117.488201,109.387318
2011-01-03,118.793694,110.268274
2011-01-04,119.203176,110.461302
2011-01-05,119.205926,110.760906
2011-01-06,118.344652,110.51922
2011-01-07,118.255082,110.306161
2011-01-10,118.76367,109.953647
2011-01-11,119.02076,110.27895
2011-01-12,120.937243,111.068447
2011-01-13,121.472204,110.846035
2011-01-14,122.415919,111.370224
2011-01-18,122.339229,111.847834
2011-01-19,120.804648,111.728408
2011-01-20,119.523731,111.704882
2011-01-21,118.901277,112.168224
2011-01-24,121.133653,113.195061
2011-01-25,120.649776,113.163599
2011-01-26,121.433248,113.241547
2011-01-27,122.221087,113.283025
2011-01-28,118.637585,111.713385
2011-01-31,119.807315,112.35804
2011-02-01,121.994173,113.758555
2011-02-02,122.506411,113.775657
2011-02-03,122.6394,113.967362
2011-02-04,122.929486,114.24977
2011-02-07,123.915326,114.906235
2011-02-08,125.677551,115.581975
2011-02-09,125.601999,115.645656
2011-02-10,124.684184,115.545505
2011-02-11,125.273611,115.960945
2011-02-14,125.909899,115.913042
2011-02-15,125.22567,115.520467
2011-02-16,125.745522,116.101818
2011-02-17,125.224976,116.384983
2011-02-18,123.957829,117.075745
2011-02-22,120.439578,115.389608
2011-02-23,119.959207,114.37855
2011-02-24,120.367638,114.026319
2011-02-25,121.813485,114.611639
2011-02-28,122.638649,115.517632
2011-03-01,120.889336,113.927301
2011-03-02,121.540294,114.010257
2011-03-03,123.483457,115.818654
2011-03-04,122.757213,114.984184
2011-03-07,121.142052,114.22974
2011-03-08,121.204793,115.404631
2011-03-09,120.780799,115.392443
2011-03-10,118.417114,113.233705
2011-03-11,119.82711,113.798616
2011-03-14,119.632947,113.314487
2011-03-15,117.634569,112.013084
2011-03-16,114.268758,109.725471
2011-03-17,116.225331,111.249381
2011-03-18,116.357705,112.042374
2011-03-21,118.731381,113.724258
2011-03-22,118.42322,113.555134
2011-03-23,118.562626,114.191853
2011-03-24,120.44977,114.990608
2011-03-25,120.786901,115.463305
2011-03-28,120.748699,115.248735
2011-03-29,121.910949,116.015272
2011-03-30,122.736162,116.691768
2011-03-31,122.514684,116.400005
2011-04-01,122.618264,116.938462
2011-04-04,122.957208,117.158701
2011-04-05,122.638148,117.100783
2011-04-06,122.933223,117.411158
2011-04-07,123.00339,117.248081
2011-04-08,123.090423,116.969924
2011-04-11,122.593543,116.979939
2011-04-12,121.918182,115.869486
2011-04-13,122.324205,115.939497
2011-04-14,121.499408,116.073284
2011-04-15,120.523202,116.608812
2011-04-18,119.667825,115.283788
2011-04-19,120.607475,115.899437
2011-04-20,122.749658,117.664277
2011-04-21,124.101855,118.159838
2011-04-25,124.231353,117.913144
2011-04-26,124.341104,119.004324
2011-04-27,125.880421,119.907483
2011-04-28,125.571982,120.591064
2011-04-29,126.043551,121.037306
2011-05-02,125.872305,121.00726
2011-05-03,124.582149,121.008677
2011-05-04,124.25202,120.215685
2011-05-05,122.272816,118.898503
2011-05-06,122.335025,119.414095
2011-05-09,123.180727,119.848148
2011-05-10,124.093052,120.563192
2011-05-11,122.924225,119.3318
2011-05-12,122.830799,119.954346
2011-05-13,121.220301,119.007914
2011-05-16,119.600455,118.560255
2011-05-17,120.421771,117.91031
2011-05-18,121.464884,118.671839
2011-05-19,121.680969,119.098334
2011-05-20,120.035874,118.217
2011-05-23,118.936685,116.981357
2011-05-24,118.733002,116.744678
2011-05-25,119.565259,117.107963
2011-05-26,120.074069,117.184494
2011-05-27,120.716835,117.551276
2011-05-31,123.016229,118.762637
2011-06-01,121.08242,116.120431
2011-06-02,121.238876,115.727478
2011-06-03,120.019052,114.808257
2011-06-06,118.557353,114.229079
2011-06-07,118.637489,114.048145
2011-06-08,117.96793,113.841511
2011-06-09,118.70401,114.554099
2011-06-10,116.594437,112.924747
2011-06-13,116.833104,112.934762
2011-06-14,118.717456,114.09822
2011-06-15,116.029573,112.408494
2011-06-16,115.640066,113.015544
2011-06-17,116.17074,113.420308
2011-06-20,115.772959,114.138564
2011-06-21,118.630122,115.174377
2011-06-22,117.945867,114.415304
2011-06-23,118.527322,113.851526
2011-06-24,117.271652,112.761008
2011-06-27,119.043108,113.790679
2011-06-28,120.2855,115.161905
2011-06-29,121.500633,115.849077
2011-06-30,122.638477,117.293905
2011-07-01,124.855055,118.885275
2011-07-05,124.84645,118.763393
2011-07-06,124.979353,119.293913
2011-07-07,126.434795,120.177041
2011-07-08,125.796705,119.588509
2011-07-11,122.94807,118.157665
2011-07-12,122.254999,117.601351
2011-07-13,123.556473,118.023972
2011-07-14,122.942174,117.509136
2011-07-15,123.756386,117.911727
2011-07-18,123.899889,117.018205
2011-07-19,125.526959,118.92921
2011-07-20,127.116495,118.782667
2011-07-21,128.119553,120.223527
2011-07-22,129.152941,119.81489
2011-07-25,128.978926,118.980041
2011-07-26,129.557892,118.115526
2011-07-27,127.168705,116.237684
2011-07-28,126.961695,115.647735
2011-07-29,126.75881,114.732482
2011-08-01,126.451664,114.630913
2011-08-02,122.903252,112.118904
2011-08-03,124.644351,112.400652
2011-08-04,118.446212,107.555962
2011-08-05,118.404727,108.131644
2011-08-08,110.984296,102.134267
2011-08-09,117.631206,106.196263
2011-08-10,111.808401,101.284774
2011-08-11,116.086762,105.284884
2011-08-12,117.563456,106.472625
2011-08-15,119.566352,108.493418
2011-08-16,118.189569,107.766186
2011-08-17,118.425036,107.806624
2011-08-18,112.88692,103.841851
2011-08-19,110.502241,102.207964
2011-08-22,110.488709,102.557549
2011-08-23,115.48548,105.600928
2011-08-24,116.284447,106.961005
2011-08-25,114.797952,105.346392
2011-08-26,117.316762,106.619262
2011-08-29,120.053308,109.025828
2011-08-30,120.446489,109.221407
2011-08-31,120.733709,109.727644
2011-09-01,119.441228,108.594231
2011-09-02,116.879909,106.200893
2011-09-06,116.442159,105.246996
2011-09-07,118.825068,107.850559
2011-09-08,117.836301,106.725743
2011-09-09,114.738785,103.856496
2011-09-12,115.058856,104.508331
2011-09-13,116.629216,104.930952
2011-09-14,118.150398,106.262023
2011-09-15,120.345261,108.023651
2011-09-16,121.93504,108.740868
2011-09-19,122.101209,107.7197
2011-09-20,121.746398,107.79198
2011-09-21,119.162998,105.110375
2011-09-22,114.564069,101.416011
2011-09-23,115.509931,101.771738
2011-09-26,116.847543,104.345255
2011-09-27,117.188391,105.732542
2011-09-28,115.783751,104.03384
2011-09-29,115.36157,105.385697
2011-09-30,112.083208,103.112446
2011-10-03,109.266016,100.674039
2011-10-04,110.627331,102.123496
2011-10-05,112.963492,103.363486
2011-10-06,114.678443,105.096108
2011-10-07,113.426183,104.905158
2011-10-10,117.991411,108.023651
2011-10-11,119.39799,107.864164
2011-10-12,120.625475,108.833083
2011-10-13,121.214186,108.44835
2011-10-14,124.270003,110.020163
2011-10-17,122.324722,107.681813
2011-10-18,123.420857,109.382972
2011-10-19,118.613691,108.698635
2011-10-20,118.326954,109.049732
2011-10-21,119.866128,111.572512
2011-10-24,123.26567,112.562973
2011-10-25,119.802895,110.607183
2011-10-26,119.094894,112.141769
2011-10-27,123.357505,115.349548
2011-10-28,124.393392,115.562701
2011-10-31,121.597616,112.954036
2011-11-01,118.51333,110.147431
2011-11-02,119.149863,111.829977
2011-11-03,121.914608,113.799277
2011-11-04,120.897846,113.22076
2011-11-07,121.47068,114.02528
2011-11-08,123.030167,114.987018
2011-11-09,118.231718,111.309378
2011-11-10,117.722926,112.375614
2011-11-11,119.078261,114.831122
2011-11-14,117.558171,114.125337
2011-11-15,118.703533,114.287658
2011-11-16,116.562269,112.487103
2011-11-17,114.527344,111.212911
2011-11-18,113.840396,111.45318
2011-11-21,111.154711,109.101981
2011-11-22,111.889115,108.595649
2011-11-23,109.044902,106.364253
2011-11-25,107.924217,106.120771
2011-11-28,112.24995,108.872388
2011-11-29,111.349335,109.18059
2011-11-30,115.865066,113.81071
2011-12-01,116.465459,113.568362
2011-12-02,116.681527,113.562598
2011-12-05,117.529718,114.303437
2011-12-06,117.008056,114.79758
2011-12-07,117.520464,115.234468
2011-12-08,115.536089,113.357382
2011-12-09,116.902092,115.12005
2011-12-12,114.994455,113.581212
2011-12-13,113.105897,112.953375
2011-12-14,111.155966,111.711307
2011-12-15,111.194608,112.139596
2011-12-16,111.631355,112.116731
2011-12-19,110.961532,111.170677
2011-12-20,114.596383,114.357764
2011-12-21,114.343578,114.397069
2011-12-22,115.453453,114.982011
2011-12-23,116.16616,116.156902
2011-12-27,116.304952,116.131864
2011-12-28,114.746489,114.809674
2011-12-29,115.715914,116.091142
2011-12-30,115.683064,115.434677
2012-01-03,118.383452,117.133663
2012-01-04,117.934403,117.332454
2012-01-05,117.868418,117.306755
2012-01-06,118.129762,116.779731
2012-01-09,117.942715,117.08935
2012-01-10,119.453326,117.74865
2012-01-11,119.575782,117.625634
2012-01-12,119.989398,117.829432
2012-01-13,119.416327,117.366846
2012-01-17,121.010167,117.933836
2012-01-18,123.044267,118.849183
2012-01-19,123.803333,119.274638
2012-01-20,122.576809,120.186395
2012-01-23,123.016168,120.076229
2012-01-24,122.262326,119.763775
2012-01-25,126.261371,120.531068
2012-01-26,126.739306,120.320088
2012-01-27,127.340344,119.619311
2012-01-30,127.494052,119.555629
2012-01-31,128.274891,119.359011
2012-02-01,128.285571,120.148413
2012-02-02,128.857236,120.04401
2012-02-03,130.10253,121.525686
2012-02-06,129.983626,121.364121
2012-02-07,130.455415,121.676575
2012-02-08,131.41207,121.730902
2012-02-09,132.866273,121.79241
2012-02-10,132.101602,120.949342
2012-02-13,134.098276,121.63727
2012-02-14,134.056226,121.677331
2012-02-15,131.870173,120.757732
2012-02-16,132.476014,121.921096
2012-02-17,132.559684,122.353731
2012-02-21,134.161392,122.503203
2012-02-22,133.521269,122.247911
2012-02-23,134.094012,122.68272
2012-02-24,135.089433,122.66628
2012-02-27,135.714776,122.652674
2012-02-28,137.539637,122.875748
2012-02-29,137.076824,122.374518
2012-03-01,137.903942,122.641242
2012-03-02,137.266456,122.615448
2012-03-05,135.318629,122.475992
2012-03-06,133.402906,120.551759
2012-03-07,134.061561,121.290424
2012-03-08,136.644504,121.957566
2012-03-09,136.699613,122.090597
2012-03-12,137.146483,122.446702
2012-03-13,140.452843,124.506139
2012-03-14,141.737011,124.66128
2012-03-15,142.227488,125.215515
2012-03-16,142.562617,125.025227
2012-03-19,145.124421,125.086735
2012-03-20,145.496326,124.435372
2012-03-21,144.741635,124.004815
2012-03-22,143.628973,123.263315
2012-03-23,143.844123,123.590131
2012-03-26,146.206832,125.110356
2012-03-27,146.733454,124.695577
2012-03-28,146.199215,124.019838
2012-03-29,145.696721,124.205118
2012-03-30,144.968602,124.830782
2012-04-02,147.47352,125.326343
2012-04-03,148.107842,124.712773
2012-04-04,145.964137,123.53363
2012-04-05,147.103057,123.395591
2012-04-09,146.787532,122.162121
2012-04-10,144.065002,120.143406
2012-04-11,144.674552,120.988647
2012-04-12,145.735031,122.700577
2012-04-13,142.632624,121.40626
2012-04-16,139.81714,122.084834
2012-04-17,144.025525,123.919025
2012-04-18,143.777099,123.136803
2012-04-19,140.931973,122.48818
2012-04-20,140.030404,123.103829
2012-04-23,138.399992,122.139256
2012-04-24,137.839364,122.842112
2012-04-25,144.692589,123.684519
2012-04-26,144.557345,124.760676
2012-04-27,146.692438,124.984505
2012-04-30,144.330552,124.845804
2012-05-01,144.358749,125.466461
2012-05-02,143.937717,125.364892
2012-05-03,142.50686,124.779289
2012-05-04,139.332912,123.188958
2012-05-07,140.210234,122.907966
2012-05-08,139.561771,122.185741
2012-05-09,138.781281,121.268977
2012-05-10,139.608135,121.457753
2012-05-11,138.390839,121.132355
2012-05-14,136.136246,119.948961
2012-05-15,134.156875,119.350413
2012-05-16,132.911282,119.034369
2012-05-17,129.903363,117.559874
2012-05-18,128.913467,116.869111
2012-05-21,133.587911,118.145571
2012-05-22,133.028882,118.129793
2012-05-23,134.211589,118.066867
2012-05-24,133.402572,118.384329
2012-05-25,132.644887,117.676465
2012-05-29,134.275711,118.865623
2012-05-30,133.409625,117.34606
2012-05-31,133.220597,117.096531
2012-06-01,130.002141,114.499393
2012-06-04,131.184496,114.337734
2012-06-05,131.215933,114.588018
2012-06-06,134.221914,117.298157
2012-06-07,134.371986,117.734383
2012-06-08,135.248364,118.615339
2012-06-11,133.317397,117.264521
2012-06-12,134.706766,118.800525
2012-06-13,133.740122,118.06904
2012-06-14,134.384602,119.538528
2012-06-15,135.729189,120.627534
2012-06-18,137.071053,120.388021
2012-06-19,138.539016,121.290424
2012-06-20,138.432292,121.168164
2012-06-21,135.855793,118.798351
2012-06-22,137.313719,119.433369
2012-06-25,134.398589,118.128375
2012-06-26,135.064755,118.430814
2012-06-27,135.753425,119.303266
2012-06-28,134.760421,119.069422
2012-06-29,138.85404,121.694432
2012-07-02,140.452596,121.612232
2012-07-03,141.922831,122.29657
2012-07-05,142.134283,121.851084
2012-07-06,140.832967,120.67761
2012-07-09,141.291795,120.335772
2012-07-10,139.680515,119.549961
2012-07-11,139.728741,119.09087
2012-07-12,138.211317,118.795517
2012-07-13,140.22691,120.721261
2012-07-16,140.172992,120.249982
2012-07-17,140.523218,120.990064
2012-07-18,140.578751,121.964747
2012-07-19,142.29659,122.292223
2012-07-20,139.70158,121.150968
2012-07-23,138.758847,120.195655
2012-07-24,136.894198,119.211713
2012-07-25,133.648613,119.766609
2012-07-26,135.184423,121.768506
2012-07-27,139.593914,123.542228
2012-07-30,140.514046,123.51719
2012-07-31,141.724698,122.909384
2012-08-01,140.883056,122.55394
2012-08-02,139.685428,121.683
2012-08-03,142.545469,123.736012
2012-08-06,143.986695,123.937638
2012-08-07,144.340427,124.420349
2012-08-08,144.417544,124.486865
2012-08-09,144.697632,124.388131
2012-08-10,144.846935,124.792138
2012-08-13,145.550361,124.428191
2012-08-14,146.161598,124.453796
2012-08-15,145.966596,124.384257
2012-08-16,147.317631,125.190477
2012-08-17,148.570242,125.427534
2012-08-20,150.329957,125.393898
2012-08-21,149.259568,124.750849
2012-08-22,150.640423,124.459654
2012-08-23,149.29717,123.37027
2012-08-24,149.747378,124.319914
2012-08-27,150.753359,124.005287
2012-08-28,150.650694,123.800449
2012-08-29,150.111249,123.842872
2012-08-30,148.351473,122.834081
2012-08-31,149.241035,123.685653
2012-09-04,150.519105,123.166943
2012-09-05,149.839639,123.275976
2012-09-06,152.5221,125.586264
2012-09-07,154.912881,125.724587
2012-09-10,152.590917,125.229971
2012-09-11,153.001526,125.882562
2012-09-12,154.365034,125.97695
2012-09-13,157.199893,127.92811
2012-09-14,158.64987,128.433686
2012-09-17,158.949465,128.053205
2012-09-18,159.111865,128.162238
2012-09-19,159.184314,128.288089
2012-09-20,158.087559,128.467322
2012-09-21,157.758009,128.302356
2012-09-24,156.150512,128.108194
2012-09-25,153.4819,127.150424
2012-09-26,151.646068,126.734323
2012-09-27,154.553651,127.418943
2012-09-28,152.134352,126.95749
2012-10-01,151.823346,127.694266
2012-10-02,152.337598,127.384835
2012-10-03,154.245624,127.500576
2012-10-04,154.44808,128.263523
2012-10-05,153.042143,128.592228
2012-10-08,151.492217,128.341849
2012-10-09,149.949442,127.301407
2012-10-10,149.702814,126.086739
2012-10-11,148.86556,125.91119
2012-10-12,148.597827,125.934433
2012-10-15,149.765047,126.835608
2012-10-16,152.4347,128.040733
2012-10-17,153.405801,128.090053
2012-10-18,151.840151,128.0139
2012-10-19,147.715206,126.072944
2012-10-22,149.876175,126.095431
2012-10-23,146.920398,123.796103
2012-10-24,146.770935,123.558101
2012-10-25,145.690584,123.806968
2012-10-26,145.81653,123.840321
2012-10-31,144.890734,123.738752
2012-11-01,145.784763,125.025227
2012-11-02,143.296359,123.707573
2012-11-05,143.842611,123.889735
2012-11-06,144.67505,125.148621
2012-11-07,140.177219,122.191788
2012-11-08,136.955452,121.044675
2012-11-09,137.88856,121.08313
2012-11-12,137.428528,121.080201
2012-11-13,137.347377,120.523698
2012-11-14,135.539878,118.773597
2012-11-15,134.064388,118.50366
2012-11-16,134.896569,118.937619
2012-11-19,140.459366,120.89955
2012-11-20,140.287543,120.82916
2012-11-21,140.780259,121.286267
2012-11-23,142.687017,122.918832
2012-11-26,144.809734,122.519076
2012-11-27,143.59559,121.675913
2012-11-28,143.898604,122.686688
2012-11-29,145.838165,123.033534
2012-11-30,145.500505,123.069059
2012-12-03,145.292251,122.502353
2012-12-04,144.327027,122.371778
2012-12-05,140.878384,123.153243
2012-12-06,141.705681,123.526922
2012-12-07,140.206016,124.293081
2012-12-10,139.809551,124.432443
2012-12-11,141.699582,125.174698
2012-12-12,141.587507,125.146448
2012-12-13,140.480346,124.44038
2012-12-14,138.610102,124.102982
2012-12-17,140.655514,125.051399
2012-12-18,143.910892,126.143334
2012-12-19,142.559787,125.208051
2012-12-20,142.666222,125.772584
2012-12-21,141.608662,124.630479
2012-12-24,141.550882,124.141437
2012-12-26,139.875742,123.910049
2012-12-27,140.149041,123.737335
2012-12-28,138.616549,122.24262
2012-12-31,142.5573,123.811314
2013-01-02,146.905325,126.725252
2013-01-03,145.729882,126.525044
2013-01-04,144.48626,126.93935
2013-01-07,144.588141,126.458244
2013-01-08,144.329722,125.934433
2013-01-09,144.407436,126.517013
2013-01-10,145.597566,127.279582
2013-01-11,145.049128,127.442186
2013-01-14,143.457791,127.620664
2013-01-15,141.424884,127.881152
2013-01-16,143.168616,127.657606
2013-01-17,143.06704,128.458724
2013-01-18,143.07912,128.965907
2013-01-22,143.955555,129.556518
2013-01-23,144.305529,130.190685
2013-01-24,138.211004,130.625305
2013-01-25,138.034967,131.292824
2013-01-28,138.58115,131.160076
2013-01-29,139.197147,131.844981
2013-01-30,139.347088,131.429257
2013-01-31,138.549298,130.958356
2013-02-01,138.99135,132.368131
2013-02-04,136.161282,131.142597
2013-02-05,139.237838,132.080053
2013-02-06,139.008864,132.14827
2013-02-07,139.62642,131.747002
2013-02-08,140.95677,132.209211
2013-02-11,140.867648,132.0039
2013-02-12,139.784242,132.452315
2013-02-13,140.937702,132.114161
2013-02-14,140.77143,132.024214
2013-02-15,139.289659,132.103296
2013-02-19,140.132031,132.612652
2013-02-20,137.36895,131.591011
2013-02-21,136.216853,131.147699
2013-02-22,137.403717,132.281018
2013-02-25,135.235244,130.236414
2013-02-26,136.013772,131.332035
2013-02-27,136.99932,132.987747
2013-02-28,136.744384,132.790468
2013-03-01,135.466178,133.122763
2013-03-04,135.076459,133.483309
2013-03-05,137.330509,134.673317
2013-03-06,136.541558,135.074585
2013-03-07,137.515345,135.388739
2013-03-08,137.622157,136.027253
2013-03-11,138.053983,136.501744
2013-03-12,136.9293,136.527916
2013-03-13,136.745206,136.577236
2013-03-14,137.149483,137.369567
2013-03-15,137.896818,137.133077
2013-03-18,137.976923,136.546812
2013-03-19,137.072862,136.582338
2013-03-20,137.604309,137.11059
2013-03-21,136.854223,136.257979
2013-03-22,138.991595,137.113424
2013-03-25,138.271809,136.50609
2013-03-26,138.765702,137.563351
2013-03-27,138.343311,137.246928
2013-03-28,137.729661,137.741828
2013-04-01,135.336524,137.688068
2013-04-02,136.102162,138.530474
2013-04-03,134.917496,137.475482
2013-04-04,134.871998,138.002317
2013-04-05,133.783136,137.616261
2013-04-08,134.810327,138.07195
2013-04-09,135.919217,138.638657
2013-04-10,138.147597,139.855404
2013-04-11,138.510493,140.449699
2013-04-12,138.324125,140.448943
2013-04-15,134.869291,137.937029
2013-04-16,136.76307,139.425886
2013-04-17,132.417142,138.120231
2013-04-18,130.450768,137.35067
2013-04-19,131.377633,137.448649
2013-04-22,132.901617,137.634401
2013-04-23,134.68711,139.073277
2013-04-24,134.450279,138.66549
2013-04-25,135.932788,138.896972
2013-04-26,135.162514,139.007989
2013-04-29,136.641982,140.011395
2013-04-30,138.288257,140.21028
2013-05-01,136.52095,138.89839
2013-05-02,138.051039,140.132616
2013-05-03,140.148864,141.477859
2013-05-06,141.103487,141.429956
2013-05-07,141.412432,142.254884
2013-05-08,142.606593,142.717093
2013-05-09,141.064921,142.504507
2013-05-10,141.364924,142.843416
2013-05-13,141.318073,142.590108
2013-05-14,140.875283,143.757629
2013-05-15,139.004722,144.328682
2013-05-16,138.625138,143.927415
2013-05-17,139.755749,145.072355
2013-05-20,140.335627,144.891704
2013-05-21,140.639391,145.385848
2013-05-22,139.84857,144.626113
2013-05-23,139.46579,144.506404
2013-05-24,139.587022,144.587659
2013-05-28,139.865281,145.591915
2013-05-29,139.804514,144.584825
2013-05-30,140.993079,144.790135
2013-05-31,139.267035,142.815827
2013-06-03,139.761929,144.124033
2013-06-04,138.919935,143.401336
2013-06-05,137.269183,141.351536
2013-06-06,137.334839,142.10768
2013-06-07,139.173035,144.068194
2013-06-10,138.811947,143.978152
2013-06-11,137.357538,142.876768
2013-06-12,136.282261,141.678823
2013-06-13,138.257225,143.387541
2013-06-14,136.908086,142.38697
2013-06-17,138.499776,143.423161
2013-06-18,139.403335,144.730611
2013-06-19,137.096436,142.783892
2013-06-20,133.962678,139.440436
2013-06-21,133.599475,139.828571
2013-06-24,131.119271,138.507326
2013-06-25,131.883379,139.459238
2013-06-26,132.43121,140.874871
2013-06-27,132.385664,141.955279
2013-06-28,132.289614,140.869769
2013-07-01,134.468203,141.487307
2013-07-02,134.755014,141.085284
2013-07-03,134.860326,141.615709
2013-07-05,135.327415,143.007343
2013-07-08,135.516893,143.846821
2013-07-09,136.950697,144.561582
2013-07-10,137.228859,144.479571
2013-07-11,140.138008,146.078783
2013-07-12,139.576649,146.110718
2013-07-15,139.858859,146.299306
2013-07-16,140.185069,145.993088
2013-07-17,140.602131,146.169487
2013-07-18,140.949451,146.90664
2013-07-19,140.773043,146.861288
2013-07-22,141.235348,146.87839
2013-07-23,140.319387,147.088046
2013-07-24,142.05319,146.847116
2013-07-25,142.882027,146.973439
2013-07-26,143.964415,147.003862
2013-07-29,143.93944,146.6556
2013-07-30,144.404126,146.642561
2013-07-31,144.191927,146.443675
2013-08-01,146.450907,147.657588
2013-08-02,146.93231,147.944248
2013-08-05,147.466577,147.507455
2013-08-06,146.541703,146.625082
2013-08-07,146.966837,146.170904
2013-08-08,146.806408,146.432148
2013-08-09,146.547375,145.74422
2013-08-12,147.384863,145.689137
2013-08-13,149.745288,145.985151
2013-08-14,149.97115,144.914191
2013-08-15,148.819533,142.783892
2013-08-16,149.02611,142.493641
2013-08-19,148.94631,141.825366
2013-08-20,148.653352,141.752142
2013-08-21,147.811778,140.755917
2013-08-22,149.21087,141.381298
2013-08-23,149.139804,141.823193
2013-08-26,149.577633,141.218032
2013-08-27,145.775148,139.60871
2013-08-28,146.070516,140.065817
2013-08-29,146.049656,140.221146
2013-08-30,144.928593,139.931651
2013-09-03,147.101268,140.155103
2013-09-04,149.144883,141.070733
2013-09-05,149.057081,141.133186
2013-09-06,149.638291,140.991652
2013-09-09,151.738902,142.320266
2013-09-10,151.65686,143.529076
2013-09-11,149.206866,144.809693
2013-09-12,149.753332,144.564416
2013-09-13,149.045057,145.277004
2013-09-16,148.058559,146.398701
2013-09-17,149.213635,146.728918
2013-09-18,152.103866,148.119796
2013-09-19,152.7293,147.738181
2013-09-20,152.082482,145.985907
2013-09-23,153.664598,145.516234
2013-09-24,153.43438,144.885185
2013-09-25,152.203305,144.305723
2013-09-26,153.639588,144.825755
2013-09-27,152.83164,144.16381
2013-09-30,151.294309,142.949047
2013-10-01,153.793432,143.535123
2013-10-02,153.974695,142.981833
2013-10-03,151.993777,141.690634
2013-10-04,152.887771,142.409646
2013-10-07,151.780709,141.121471
2013-10-08,149.521071,139.612489
2013-10-09,149.917295,139.862396
2013-10-10,152.664688,142.915034
2013-10-11,154.036406,143.964168
2013-10-14,154.781212,144.570274
2013-10-15,154.774027,143.311294
2013-10-16,156.366673,145.255934
2013-10-17,157.268704,145.235337
2013-10-18,159.471847,145.499889
2013-10-21,161.06915,145.429499
2013-10-22,162.017603,146.142465
2013-10-23,161.357411,145.629141
2013-10-24,163.217542,146.53504
2013-10-25,164.958916,147.112045
2013-10-28,165.395061,147.09929
2013-10-29,164.535345,148.152015
2013-10-30,164.50427,147.570097
2013-10-31,164.070273,146.880279
2013-11-01,163.752114,147.539768
2013-11-04,164.975452,147.762463
2013-11-05,164.736887,147.564995
2013-11-06,164.05462,148.780608
2013-11-07,160.58229,147.335969
2013-11-08,163.168795,148.921387
2013-11-11,163.212773,149.122824
2013-11-12,162.572158,148.816417
2013-11-13,163.599732,149.486865
2013-11-14,165.436263,150.002646
2013-11-15,165.728888,150.810283
2013-11-18,165.102338,150.945582
2013-11-19,164.614108,150.860642
2013-11-20,163.621351,150.235073
2013-11-21,164.884189,151.266539
2013-11-22,165.482301,151.784115
2013-11-25,166.002956,151.857528
2013-11-26,167.246585,151.859984
2013-11-27,169.222799,152.09175
2013-11-29,171.399988,151.988575
2013-12-02,170.339474,151.255012
2013-12-03,170.968222,150.365459
2013-12-04,170.918527,150.130669
2013-12-05,170.645384,149.485731
2013-12-06,170.785385,151.363006
2013-12-09,171.346307,151.413365
2013-12-10,171.44112,150.918276
2013-12-11,170.12068,149.693782
2013-12-12,169.754372,148.710218
2013-12-13,169.281094,148.860729
2013-12-16,170.643464,150.081538
2013-12-17,170.150228,149.993575
2013-12-18,171.499215,152.759175
2013-12-19,170.839846,152.864145
2013-12-20,172.383864,153.261539
2013-12-23,175.000239,153.955703
2013-12-24,174.679912,154.550376
2013-12-26,175.14972,155.706182
2013-12-27,174.833738,155.692293
2013-12-30,174.283302,155.936814
2013-12-31,175.453362,156.620584
2014-01-02,173.685724,155.34214
2014-01-03,171.993637,155.612739
2014-01-06,171.458608,155.188606
2014-01-07,171.817608,156.18861
2014-01-08,172.357851,155.544239
2014-01-09,171.765742,155.374359
2014-01-10,171.520133,155.301513
2014-01-13,170.116059,153.609235
2014-01-14,172.7003,154.704477
2014-01-15,174.169037,155.725645
2014-01-16,174.128328,155.11217
2014-01-17,173.057002,155.504745
2014-01-21,173.81131,155.087888
2014-01-22,174.871958,154.699564
2014-01-23,174.243808,153.036765
2014-01-24,169.463148,150.029951
2014-01-27,169.099305,149.640399
2014-01-28,166.393092,150.497167
2014-01-29,164.197728,148.704171
2014-01-30,166.446474,149.741779
2014-01-31,162.238818,148.326808
2014-02-03,159.814339,145.246203
2014-02-04,161.092706,145.930635
2014-02-05,161.025303,145.883299
2014-02-06,163.024698,147.662406
2014-02-07,165.608641,149.226565
2014-02-10,166.351346,149.299412
2014-02-11,168.252996,151.122737
2014-02-12,167.440782,150.831447
2014-02-13,169.673601,151.432829
2014-02-14,170.035202,152.630868
2014-02-18,170.387695,152.404204
2014-02-19,168.446096,151.555372
2014-02-20,168.048203,152.430943
2014-02-21,167.22498,152.148156
2014-02-24,168.069544,153.129264
2014-02-25,167.251189,152.869625
2014-02-26,166.487442,153.04678
2014-02-27,168.232045,153.748219
2014-02-28,168.121007,154.211751
2014-03-03,167.324803,152.759742
2014-03-04,169.48865,154.912528
2014-03-05,169.885923,154.575225
2014-03-06,169.815366,155.158277
2014-03-07,169.097084,155.449567
2014-03-10,169.109295,155.127948
2014-03-11,168.991841,154.490852
2014-03-12,169.67312,154.385315
2014-03-13,167.413465,152.200972
2014-03-14,166.716989,151.792618
2014-03-17,167.957696,153.50795
2014-03-18,169.604902,154.348561
2014-03-19,168.345609,153.271271
2014-03-20,168.061792,154.299997
2014-03-21,166.823498,154.032801
2014-03-24,167.004685,153.78639
2014-03-25,167.674957,154.647977
2014-03-26,165.459649,153.713638
2014-03-27,165.443593,153.668665
2014-03-28,165.513174,154.224506
2014-03-31,166.529314,155.496241
2014-04-01,168.390863,156.204389
2014-04-02,168.501522,156.586004
2014-04-03,166.957465,156.581752
2014-04-04,164.015251,155.071542
2014-04-07,162.455726,153.495195
2014-04-08,163.515413,153.592228
2014-04-09,165.581399,155.302741
2014-04-10,161.733237,152.780434
2014-04-11,159.833915,151.424892
2014-04-14,161.486556,152.808968
2014-04-15,161.052609,153.652886
2014-04-16,162.780522,155.186244
2014-04-17,163.657716,155.032143
2014-04-21,165.092665,155.416782
2014-04-22,165.760506,156.032052
2014-04-23,163.954389,155.91187
2014-04-24,169.693408,155.91187
2014-04-25,166.253017,154.587319
2014-04-28,167.958054,155.411963
2014-04-29,168.558453,156.230466
2014-04-30,168.962384,156.660078
2014-05-01,169.67011,156.4525
2014-05-02,169.73199,156.018069
2014-05-05,170.874753,156.184925
2014-05-06,168.868676,154.961092
2014-05-07,168.932931,156.071452
2014-05-08,167.682831,156.377859
2014-05-09,167.601607,156.683699
2014-05-12,170.36849,157.743132
2014-05-13,170.593481,157.931814
2014-05-14,170.198898,156.973099
2014-05-15,168.728928,155.393728
2014-05-16,170.011505,155.814175
2014-05-19,170.718373,156.008337
2014-05-20,170.362594,154.708729
2014-05-21,171.882781,156.20864
2014-05-22,172.456561,156.303312
2014-05-23,173.936524,156.900347
2014-05-27,175.573842,157.55445
2014-05-28,174.866148,157.1546
2014-05-29,176.699193,157.774028
2014-05-30,175.724845,157.948159
2014-06-02,175.527399,158.19816
2014-06-03,176.217206,157.997007
2014-06-04,177.238175,158.140526
2014-06-05,179.060276,159.071935
2014-06-06,179.926894,159.904988
2014-06-09,180.700073,160.082805
2014-06-10,181.481003,160.109449
2014-06-11,181.065229,159.145348
2014-06-12,178.332453,158.108969
2014-06-13,177.7131,158.501544
2014-06-16,178.334494,158.551336
2014-06-17,178.347791,158.810974
2014-06-18,180.046037,159.738132
2014-06-19,179.310088,159.878344
2014-06-20,178.668501,160.120409
2014-06-23,178.831191,160.027627
2014-06-24,177.27636,158.902056
2014-06-25,177.940207,159.368611
2014-06-26,178.431111,159.166607
2014-06-27,179.117969,159.220556
2014-06-30,180.261988,158.982082
2014-07-01,182.025683,160.205348
2014-07-02,182.305482,160.39592
2014-07-03,183.900987,161.265349
2014-07-07,184.081402,160.849153
2014-07-08,182.21563,159.738132
2014-07-09,183.113628,160.48445
2014-07-10,181.624693,159.81797
2014-07-11,183.390421,160.089513
2014-07-14,185.560377,161.144033
2014-07-15,184.774925,161.193731
2014-07-16,185.080118,161.92616
2014-07-17,182.089328,160.401305
2014-07-18,184.640048,161.566937
2014-07-21,184.401348,161.109169
2014-07-22,186.07586,161.693166
2014-07-23,188.066379,161.438913
2014-07-24,187.901475,161.412175
2014-07-25,185.510274,160.247866
2014-07-28,186.212674,160.455916
2014-07-29,185.296734,159.790003
2014-07-30,185.933458,159.490021
2014-07-31,181.504231,156.494356
2014-08-01,180.980418,155.833639
2014-08-04,181.921438,156.550856
2014-08-05,180.377348,155.229895
2014-08-06,180.437129,155.360942
2014-08-07,179.111473,154.651662
2014-08-08,180.762937,156.405825
2014-08-11,182.415513,156.55747
2014-08-12,182.409509,156.468278
2014-08-13,183.834878,157.330527
2014-08-14,184.768668,157.91424
2014-08-15,185.391984,157.435497
2014-08-18,187.077043,159.096784
2014-08-19,187.953446,159.860676
2014-08-20,188.245345,160.423225
2014-08-21,188.08666,160.993522
2014-08-22,188.114784,160.631937
2014-08-25,189.153748,161.346698
2014-08-26,189.537443,161.62854
2014-08-27,190.579786,161.773193
2014-08-28,189.80324,161.372209
2014-08-29,190.09232,161.550592
2014-09-02,190.716375,161.258735
2014-09-03,187.407526,161.36002
2014-09-04,187.151658,161.27782
2014-09-05,188.106604,161.918223
2014-09-08,186.99026,161.673136
2014-09-09,185.212871,160.751458
2014-09-10,188.022412,161.2696
2014-09-11,187.980539,161.083375
2014-09-12,187.804044,160.502402
2014-09-15,187.22836,160.914629
2014-09-16,187.875357,161.867297
2014-09-17,188.41672,162.10237
2014-09-18,189.481896,163.133553
2014-09-19,188.916856,163.263467
2014-09-22,187.303504,162.251936
2014-09-23,188.005552,161.148285
2014-09-24,188.658018,162.605112
2014-09-25,183.668439,160.108315
2014-09-26,186.446331,161.689481
2014-09-29,185.1193,161.293316
2014-09-30,185.684693,161.025741
2014-10-01,183.09658,158.77526
2014-10-02,183.689265,158.740679
2014-10-03,184.177781,160.711964
2014-10-06,185.140926,160.543974
2014-10-07,182.354628,157.969134
2014-10-08,185.796392,160.5658
2014-10-09,183.413364,157.400916
2014-10-10,181.896031,156.312949
2014-10-13,180.18108,154.205704
2014-10-14,179.905662,154.150148
2014-10-15,178.82605,152.511347
2014-10-16,177.018586,152.279865
2014-10-17,179.246019,154.766363
2014-10-20,181.829783,154.948337
2014-10-21,186.761593,156.981035
2014-10-22,185.924434,155.530822
2014-10-23,188.446597,157.577126
2014-10-24,187.213766,158.781874
2014-10-27,187.486748,158.90026
2014-10-28,191.158042,160.674738
2014-10-29,191.128953,160.377685
2014-10-30,192.703859,162.466789
2014-10-31,194.861719,164.310145
2014-11-03,196.089155,164.080741
2014-11-04,194.677228,164.24703
2014-11-05,194.558207,165.198376
2014-11-06,194.384519,165.859187
2014-11-07,195.10126,166.04305
2014-11-10,195.6914,166.419185
2014-11-11,196.832684,166.430145
2014-11-12,197.728772,166.404635
2014-11-13,198.962054,166.78814
2014-11-14,200.382008,166.617599
2014-11-17,199.701036,166.740521
2014-11-18,201.547158,167.119112
2014-11-19,200.835542,167.099365
2014-11-20,202.227516,167.413709
2014-11-21,203.390897,168.274068
2014-11-24,205.433341,168.348142
2014-11-25,204.713182,168.320175
2014-11-26,206.176693,168.441207
2014-11-28,206.656325,168.445837
2014-12-01,202.671029,167.959818
2014-12-02,202.888939,168.930627
2014-12-03,203.843352,169.243081
2014-12-04,203.05427,169.124789
2014-12-05,203.005039,169.679307
2014-12-08,200.199584,168.674863
2014-12-09,201.623226,168.190356
2014-12-10,197.745918,165.65775
2014-12-11,198.080089,166.254786
2014-12-12,194.636731,163.273765
2014-12-15,191.940823,162.329034
2014-12-16,189.836967,161.271112
2014-12-17,194.016864,163.992211
2014-12-18,198.391609,167.972574
2014-12-19,198.20769,168.22437
2014-12-22,199.100429,169.685449
2014-12-23,198.315581,170.297034
2014-12-24,198.139893,170.354102
2014-12-26,200.539411,170.576136
2014-12-29,200.564966,170.429877
2014-12-30,198.91806,169.908711
2014-12-31,196.432667,168.396989
2015-01-02,195.487612,168.490716
2015-01-05,190.58106,165.36013
2015-01-06,189.071882,164.131762
2015-01-07,191.72325,166.143107
2015-01-08,196.022062,169.198202
2015-01-09,194.972459,167.587274
2015-01-12,191.608228,166.675233
2015-01-13,192.211203,166.418618
2015-01-14,191.204316,164.655668
2015-01-15,187.845539,163.650562
2015-01-16,189.196876,165.453857
2015-01-20,191.817623,165.488437
2015-01-21,193.283163,165.857392
2015-01-22,197.509709,168.311105
2015-01-23,196.287131,166.97531
2015-01-26,196.393907,167.032944
2015-01-27,192.452311,164.278871
2015-01-28,195.164768,162.428524
2015-01-29,199.632522,164.558917
2015-01-30,200.168163,162.178901
2015-02-02,202.711861,164.03161
2015-02-03,204.180374,166.916731
2015-02-04,204.251048,166.979278
2015-02-05,206.739542,168.980986
2015-02-06,205.087338,168.408516
2015-02-09,205.28606,167.510176
2015-02-10,207.515709,168.82868
2015-02-11,209.854034,168.766133
2015-02-12,212.665021,169.807709
2015-02-13,214.154428,170.251494
2015-02-17,214.545276,170.518218
2015-02-18,215.040691,170.3507
2015-02-19,215.545433,169.934221
2015-02-20,217.762859,171.395584
2015-02-23,219.604409,171.172605
2015-02-24,219.350149,172.045151
2015-02-25,217.678077,172.190466
2015-02-26,218.446372,172.094566
2015-02-27,216.150556,171.322454
2015-03-02,217.414863,172.795721
2015-03-03,217.015196,171.990162
2015-03-04,215.500655,170.984206
2015-03-05,214.538398,171.350988
2015-03-06,212.165524,168.71549
2015-03-09,212.387919,170.028231
2015-03-10,208.061456,166.88404
2015-03-11,205.332765,166.62374
2015-03-12,208.650037,169.078681
2015-03-13,206.994072,167.700086
2015-03-16,210.040344,169.855328
2015-03-17,211.25189,168.642739
2015-03-18,213.662449,170.788533
2015-03-19,212.481864,169.681575
2015-03-20,212.910113,171.27474
2015-03-23,213.405525,171.165046
2015-03-24,212.479304,170.173924
2015-03-25,208.216112,167.409363
2015-03-26,208.451064,167.028504
2015-03-27,207.918782,167.353807
2015-03-30,211.248679,169.844841
2015-03-31,208.292798,167.953394
2015-04-01,207.905964,167.216996
2015-04-02,208.973049,167.8317
2015-04-06,211.195849,168.94291
2015-04-07,210.216712,168.891606
2015-04-08,210.931456,169.147559
2015-04-09,211.85379,169.67874
2015-04-10,212.264044,170.613362
2015-04-13,211.817386,169.851738
2015-04-14,212.584396,170.415421
2015-04-15,213.51468,171.132638
2015-04-16,213.149544,171.068012
2015-04-17,210.15425,168.427507
2015-04-20,214.080286,170.398698
2015-04-21,213.956647,169.592383
2015-04-22,216.147567,170.430255
2015-04-23,217.636523,170.623188
2015-04-24,221.681503,170.825853
2015-04-27,222.008474,170.42742
2015-04-28,220.655936,171.109301
2015-04-29,218.834534,170.404367
2015-04-30,215.033746,168.561862
2015-05-01,219.196715,170.295995
2015-05-04,219.235131,170.733827
2015-05-05,216.333651,169.390285
2015-05-06,215.264999,168.575656
2015-05-07,215.943927,169.351169
2015-05-08,219.580465,171.874327
2015-05-11,218.448962,171.062343
2015-05-12,217.434912,170.713325
2015-05-13,217.314912,170.640195
2015-05-14,220.814405,172.451899
2015-05-15,220.265764,172.643888
2015-05-18,221.36806,172.892566
2015-05-19,220.895338,173.020212
2015-05-20,220.964552,172.765203
2015-05-21,222.492049,172.768416
2015-05-22,222.993093,172.260855
2015-05-26,219.193988,170.461151
2015-05-27,222.163948,171.608642
2015-05-28,221.081019,171.260284
2015-05-29,219.414912,170.169577
2015-06-01,219.789541,170.450096
2015-06-02,219.939125,170.181482
2015-06-03,220.804344,170.789289
2015-06-04,219.367214,169.176565
2015-06-05,218.50949,168.646329
2015-06-08,217.08393,167.862974
2015-06-09,216.668224,167.839259
2015-06-10,219.539057,170.072449
2015-06-11,220.02585,170.440648
2015-06-12,218.204005,169.112884
2015-06-15,217.186088,168.09559
2015-06-16,218.113944,169.166172
2015-06-17,217.894351,169.461525
2015-06-18,220.50481,171.163156
2015-06-19,218.702049,170.21937
2015-06-22,220.62303,171.200382
2015-06-23,220.847279,171.429881
2015-06-24,220.62452,169.748091
2015-06-25,219.369054,169.032763
2015-06-26,218.696185,169.564889
2015-06-29,213.966171,166.25488
2015-06-30,215.086467,166.473702
2015-07-01,216.464673,167.781341
2015-07-02,216.287954,167.518679
2015-07-06,215.186383,167.079052
2015-07-07,215.202494,167.960858
2015-07-08,210.332352,165.490232
2015-07-09,209.196882,165.803915
2015-07-10,214.066055,167.804961
2015-07-13,217.792767,169.857785
2015-07-14,219.161392,170.574908
2015-07-15,219.818634,170.542689
2015-07-16,222.605204,171.204823
2015-07-17,224.054515,170.885472
2015-07-20,226.434409,171.01737
2015-07-21,225.213599,169.306101
2015-07-22,220.381309,168.661257
2015-07-23,219.27647,167.535781
2015-07-24,220.898214,165.992029
2015-07-27,219.951022,164.783219
2015-07-28,222.028563,166.575365
2015-07-29,222.583989,167.719738
2015-07-30,222.886271,167.668623
2015-07-31,222.599959,167.138387
2015-08-03,220.020459,166.272359
2015-08-04,216.810362,165.823472
2015-08-05,218.158511,165.726911
2015-08-06,216.36279,164.586317
2015-08-07,216.308054,164.148202
2015-08-10,220.518543,166.432696
2015-08-11,214.780298,164.426547
2015-08-12,215.941766,164.423429
2015-08-13,215.371678,164.477662
2015-08-14,216.239023,165.13101
2015-08-17,217.175951,165.771413
2015-08-18,216.091667,165.451683
2015-08-19,213.950898,163.915302
2015-08-20,209.272842,160.532447
2015-08-21,200.023779,155.515988
2015-08-24,192.427245,149.956632
2015-08-25,192.539726,148.02059
2015-08-26,202.32482,153.869724
2015-08-27,208.170427,157.358588
2015-08-28,208.325536,157.247476
2015-08-31,206.661272,156.161115
2015-09-01,198.746826,151.723457
2015-09-02,204.540403,154.49208
2015-09-03,202.629943,154.712981
2015-09-04,199.824876,152.139464
2015-09-08,206.126091,155.82712
2015-09-09,203.237274,153.567946
2015-09-10,205.629698,154.293856
2015-09-11,207.663027,155.264098
2015-09-14,207.395822,154.677077
2015-09-15,209.092052,156.839689
2015-09-16,209.79455,158.163391
2015-09-17,209.212525,157.54727
2015-09-18,206.971193,154.805763
2015-09-21,208.673349,155.992559
2015-09-22,205.050333,154.294517
2015-09-23,205.027035,153.816624
2015-09-24,204.920548,153.074275
2015-09-25,203.651224,154.145235
2015-09-28,197.74684,151.190008
2015-09-29,195.146426,151.636344
2015-09-30,198.966194,153.862071
2015-10-01,199.1336,153.742172
2015-10-02,201.833175,155.635225
2015-10-05,204.551374,158.508063
2015-10-06,203.837757,158.638071
2015-10-07,205.707641,159.791704
2015-10-08,204.673102,161.09991
2015-10-09,207.58672,161.418694
2015-10-12,208.181533,161.866258
2015-10-13,206.911417,161.394128
2015-10-14,205.343627,159.909429
2015-10-15,209.347731,161.959701
2015-10-16,209.401054,162.660951
2015-10-19,209.967414,162.798612
2015-10-20,210.004233,162.671722
2015-10-21,208.853553,162.213482
2015-10-22,212.192516,165.242121
2015-10-23,218.423325,166.7306
2015-10-26,216.257738,166.507149
2015-10-27,215.132005,166.113912
2015-10-28,219.76,167.985518
2015-10-29,221.040173,167.761405
2015-10-30,219.607388,166.889709
2015-11-02,222.302954,168.45075
2015-11-03,223.72808,169.29533
2015-11-04,223.99192,168.817531
2015-11-05,223.712945,168.778321
2015-11-06,224.271549,169.221445
2015-11-09,222.869157,167.522175
2015-11-10,220.456858,167.784175
2015-11-11,220.763061,167.255167
2015-11-12,217.750946,164.853892
2015-11-13,213.339546,162.937502
2015-11-16,215.944973,165.184014
2015-11-17,215.394137,165.245334
2015-11-18,220.533258,167.585289
2015-11-19,221.421122,167.543623
2015-11-20,222.063332,168.403981
2015-11-23,221.389257,168.109857
2015-11-24,221.707633,168.294192
2015-11-25,221.373715,168.30553
2015-11-27,221.260979,168.164751
2015-11-30,220.488811,167.422401
2015-12-01,221.396531,169.013772
2015-12-02,219.160532,167.514616
2015-12-03,215.96028,165.133561
2015-12-04,220.883375,168.629039
2015-12-07,218.82635,167.522459
2015-12-08,218.634907,165.987022
2015-12-09,215.709802,165.271789
2015-12-10,216.285812,166.050798
2015-12-11,209.942426,163.126183
2015-12-14,210.941739,164.102094
2015-12-15,211.37298,165.579896
2015-12-16,214.606872,167.698007
2015-12-17,211.07951,165.305235
2015-12-18,206.519727,161.834984
2015-12-21,207.956737,162.997782
2015-12-22,208.759426,164.562886
2015-12-23,211.014218,166.314026
2015-12-24,210.637901,165.837456
2015-12-28,209.99533,165.611643
2015-12-29,213.609776,167.432417
2015-12-30,211.510074,166.325931
2015-12-31,208.30561,164.636204
2016-01-04,204.012241,162.027634
2016-01-05,201.702911,162.119471
2016-01-06,198.381407,159.737093
2016-01-07,191.497171,156.029501
2016-01-08,190.772532,154.445501
2016-01-11,192.338973,154.937944
2016-01-12,194.173844,156.049532
2016-01-13,187.60016,152.602712
2016-01-14,192.209697,154.753514
2016-01-15,186.791198,151.059528
2016-01-19,186.274211,151.323512
2016-01-20,185.584414,148.96825
2016-01-21,185.829997,150.063681
2016-01-22,192.971528,152.055658
2016-01-25,189.951119,150.08768
2016-01-26,191.779201,152.752183
2016-01-27,184.279201,150.647395
2016-01-28,188.190099,151.830128
2016-01-29,189.704469,155.577874
2016-02-01,187.993603,155.41612
2016-02-02,183.085847,152.622837
2016-02-03,183.864708,154.353002
2016-02-04,185.325884,155.108107
2016-02-05,179.686948,153.108761
2016-02-08,178.304952,151.427726
2016-02-09,177.354655,151.308017
2016-02-10,177.606443,150.366592
2016-02-11,176.453446,147.961444
2016-02-12,179.233852,150.924985
2016-02-16,183.647793,153.027884
2016-02-17,187.145817,155.460055
2016-02-18,184.24374,155.078345
2016-02-19,184.874607,154.875774
2016-02-22,188.152794,157.036308
2016-02-23,184.61594,155.251721
2016-02-24,185.203122,155.754462
2016-02-25,186.55788,157.760328
2016-02-26,186.513581,157.218754
2016-02-29,185.37187,156.052177
2016-03-01,192.563606,159.345651
2016-03-02,193.332735,159.66916
2016-03-03,193.956986,160.090363
2016-03-04,195.465359,160.684375
2016-03-07,194.356057,161.319109
2016-03-08,191.544035,160.281218
2016-03-09,191.116656,160.623812
2016-03-10,191.193865,160.574397
2016-03-11,194.433416,162.635819
2016-03-14,194.711671,162.78529
2016-03-15,195.702258,162.996931
2016-03-16,197.125827,163.698276
2016-03-17,196.990068,165.169653
2016-03-18,197.25071,166.311097
2016-03-21,197.463446,166.514896
2016-03-22,198.479983,166.124683
2016-03-23,198.017245,165.369011
2016-03-24,198.473415,165.493161
2016-03-28,197.555224,165.678914
2016-03-29,201.21698,166.602198
2016-03-30,203.609465,167.3916
2016-03-31,202.883495,167.093319
2016-04-01,204.578553,168.110518
2016-04-04,204.640778,167.583778
2016-04-05,202.028825,166.320734
2016-04-06,205.389826,167.385837
2016-04-07,201.60755,165.740989
2016-04-08,202.486304,166.071678
2016-04-11,203.14174,165.877517
2016-04-12,205.830821,167.434968
2016-04-13,209.247346,169.202076
2016-04-14,209.72085,169.373562
2016-04-15,208.343139,169.099845
2016-04-18,207.943874,170.107975
2016-04-19,207.227612,170.575097
2016-04-20,208.616672,170.978254
2016-04-21,207.166428,169.903514
2016-04-22,205.975435,170.104101
2016-04-25,205.31694,169.853628
2016-04-26,204.508961,169.977211
2016-04-27,199.020483,170.461245
2016-04-28,195.776571,168.469647
2016-04-29,198.533794,167.929962
2016-05-02,200.392412,169.040321
2016-05-03,198.877605,167.715203
2016-05-04,197.096651,166.773684
2016-05-05,195.7018,166.86297
2016-05-06,196.540563,167.618075
2016-05-09,196.468587,167.290031
2016-05-10,199.817504,169.391702
2016-05-11,198.849754,167.339257
2016-05-12,197.152232,167.427881
2016-05-13,196.014006,165.678253
2016-05-16,199.133886,167.335383
2016-05-17,197.319589,165.627799
2016-05-18,198.269381,165.596053
2016-05-19,197.396207,164.734183
2016-05-20,198.676302,165.353422
2016-05-23,198.835546,165.277741
2016-05-24,201.558358,167.291354
2016-05-25,204.075596,168.665698
2016-05-26,204.904833,168.446309
2016-05-27,204.940988,168.87082
2016-05-31,205.08215,168.05808
2016-06-01,203.862437,168.081418
2016-06-02,204.243223,168.543343
2016-06-03,203.939467,168.245723
2016-06-06,205.447311,169.315927
2016-06-07,205.348801,169.485523
2016-06-08,205.829765,170.116384
2016-06-09,205.643047,169.928741
2016-06-10,202.932897,168.796367
2016-06-13,200.943855,167.541072
2016-06-14,200.825505,166.996285
2016-06-15,200.269458,166.668903
2016-06-16,201.137261,167.54693
2016-06-17,198.647444,166.999497
2016-06-20,200.113249,168.225031
2016-06-21,201.114146,168.459915
2016-06-22,200.358029,167.997895
2016-06-23,203.295276,170.173262
2016-06-24,194.826582,164.4068
2016-06-27,191.763786,161.945434
2016-06-28,195.564064,164.491551
2016-06-29,198.438215,167.183927
2016-06-30,199.93412,169.407197
2016-07-01,201.464378,169.590305
2016-07-05,199.953558,168.562806
2016-07-06,201.038362,169.299771
2016-07-07,201.439391,169.084917
2016-07-08,204.294084,171.455108
2016-07-11,205.307698,172.212763
2016-07-12,206.938854,173.353546
2016-07-13,205.899728,173.584556
2016-07-14,208.301613,174.853363
2016-07-15,207.601333,174.949168
2016-07-18,208.636302,175.105065
2016-07-19,208.261575,175.350341
2016-07-20,209.033883,175.690668
2016-07-21,208.385371,174.955593
2016-07-22,208.332423,175.462209
2016-07-25,206.793899,174.727229
2016-07-26,206.586803,174.544783
2016-07-27,211.963055,174.529855
2016-07-28,214.344407,174.380383
2016-07-29,214.593237,174.152586
2016-08-01,216.711569,173.890585
2016-08-02,214.584725,173.03325
2016-08-03,215.439832,173.422802
2016-08-04,215.913251,173.39493
2016-08-05,218.307032,175.204082
2016-08-08,219.14734,175.069539
2016-08-09,219.659289,175.105065
2016-08-10,218.668816,174.751794
2016-08-11,219.398383,175.865366
2016-08-12,219.180169,175.515308
2016-08-15,220.586573,176.078235
2016-08-16,219.847421,175.284298
2016-08-17,219.986798,175.491404
2016-08-18,220.360613,175.715895
2016-08-19,219.469718,175.289495
2016-08-22,218.889965,175.070767
2016-08-23,219.497072,175.239702
2016-08-24,217.661051,174.617818
2016-08-25,217.494187,174.305364
2016-08-26,217.913577,173.804512
2016-08-29,218.089116,174.82105
2016-08-30,216.995727,174.361014
2016-08-31,216.901029,173.856288
2016-09-01,217.810233,174.030325
2016-09-02,218.967456,174.716836
2016-09-06,220.701442,175.152967
2016-09-07,220.947531,175.039777
2016-09-08,219.25377,174.602984
2016-09-09,214.127205,170.876024
2016-09-12,218.118649,173.140016
2016-09-13,217.620893,170.699341
2016-09-14,220.530572,170.397186
2016-09-15,224.627319,172.076236
2016-09-16,224.376363,171.238364
2016-09-19,223.361362,171.204067
2016-09-20,224.256926,171.296566
2016-09-21,226.087261,172.843624
2016-09-22,228.721767,173.776734
2016-09-23,226.862288,172.538917
2016-09-26,225.865046,170.964648
2016-09-27,227.268975,172.225708
2016-09-28,229.153489,173.273897
2016-09-29,226.482811,171.424023
2016-09-30,228.344778,172.980151
2016-10-03,227.987702,172.467111
2016-10-04,227.754005,171.660229
2016-10-05,229.375261,172.723914
2016-10-06,229.638141,172.605528
2016-10-07,229.431859,172.340882
2016-10-10,231.688776,173.177525
2016-10-11,229.023602,171.284283
2016-10-12,229.989927,171.431109
2016-10-13,228.876963,171.003481
2016-10-14,228.942004,171.37612
2016-10-17,228.205326,170.885
2016-10-18,229.226909,171.598721
2016-10-19,229.148566,171.983076
2016-10-20,228.436687,171.602595
2016-10-21,228.415245,171.445376
2016-10-24,230.950672,172.175915
2016-10-25,231.148729,171.667977
2016-10-26,228.612529,171.951992
2016-10-27,227.561636,171.671851
2016-10-28,223.084819,171.591635
2016-10-31,223.605963,171.414291
2016-11-01,221.170925,170.4192
2016-11-02,218.936214,169.687338
2016-11-03,217.07474,169.413622
2016-11-04,214.951521,169.01311
2016-11-07,220.41295,172.521438
2016-11-08,221.430991,173.212484
2016-11-09,222.379905,175.640214
2016-11-10,218.877949,177.70173
2016-11-11,218.859935,178.077582
2016-11-14,214.785729,178.276278
2016-11-15,217.453689,178.78998
2016-11-16,219.416684,178.271082
2016-11-17,220.578541,178.608196
2016-11-18,220.393503,178.269098
2016-11-21,223.862427,179.107725
2016-11-22,224.400891,179.742459
2016-11-23,223.697023,180.302836
2016-11-25,224.364017,180.954388
2016-11-28,222.564865,180.441914
2016-11-29,222.278065,180.665838
2016-11-30,220.741687,180.684545
2016-12-01,219.268716,181.330334
2016-12-02,219.575595,181.127102
2016-12-05,221.333049,181.560021
2016-12-06,222.271924,181.895812
2016-12-07,224.752373,184.709882
2016-12-08,225.983842,185.325814
2016-12-09,227.62347,186.667845
2016-12-12,226.501355,187.041807
2016-12-13,229.363186,188.126278
2016-12-14,228.271048,187.004958
2016-12-15,228.724629,187.569114
2016-12-16,227.85194,187.485686
2016-12-19,228.698597,187.860309
2016-12-20,230.116769,188.725392
2016-12-21,229.694351,188.416812
2016-12-22,228.550649,188.198746
2016-12-23,228.675001,188.339809
2016-12-27,230.172669,188.445912
2016-12-28,229.360223,187.393754
2016-12-29,228.753821,187.262424
2016-12-30,226.658267,186.722172
